artist_uri,album_uri,album_name,album_urls,spotify_album_url,release_date,total_tracks,available_markets,num_avail_markets
spotify:artist:1U0sIzpRtDkvu1hXXzxh60,spotify:album:0CcwnauYggWnzlu4mUQase,"TAKE ME A_PART, THE REMIXES",{'spotify': 'https://open.spotify.com/album/0CcwnauYggWnzlu4mUQase'},https://open.spotify.com/album/0CcwnauYggWnzlu4mUQase,2018-10-05,20,['JP'],1
spotify:artist:1U0sIzpRtDkvu1hXXzxh60,spotify:album:00bR0PfkGVAizXpN05DYrs,"TAKE ME A_PART, THE REMIXES",{'spotify': 'https://open.spotify.com/album/00bR0PfkGVAizXpN05DYrs'},https://open.spotify.com/album/00bR0PfkGVAizXpN05DYrs,2018-10-05,20,"['AD', 'AE', 'AG', 'AL', 'AM', 'AO', 'AR', 'AT', 'AU', 'AZ', 'BA', 'BB', 'BD', 'BE', 'BF', 'BG', 'BH', 'BI', 'BJ', 'BN', 'BO', 'BR', 'BS', 'BT', 'BW', 'BY', 'BZ', 'CA', 'CD', 'CG', 'CH', 'CI', 'CL', 'CM', 'CO', 'CR', 'CV', 'CW', 'CY', 'CZ', 'DE', 'DJ', 'DK', 'DM', 'DO', 'DZ', 'EC', 'EE', 'EG', 'ES', 'FI', 'FJ', 'FM', 'FR', 'GA', 'GB', 'GD', 'GE', 'GH', 'GM', 'GN', 'GQ', 'GR', 'GT', 'GW', 'GY', 'HK', 'HN', 'HR', 'HT', 'HU', 'ID', 'IE', 'IL', 'IN', 'IQ', 'IS', 'IT', 'JM', 'JO', 'KE', 'KG', 'KH', 'KI', 'KM', 'KN', 'KR', 'KW', 'KZ', 'LA', 'LB', 'LC', 'LI', 'LK', 'LR', 'LS', 'LT', 'LU', 'LV', 'LY', 'MA', 'MC', 'MD', 'ME', 'MG', 'MH', 'MK', 'ML', 'MN', 'MO', 'MR', 'MT', 'MU', 'MV', 'MW', 'MX', 'MY', 'MZ', 'NA', 'NE', 'NG', 'NI', 'NL', 'NO', 'NP', 'NR', 'NZ', 'OM', 'PA', 'PE', 'PG', 'PH', 'PK', 'PL', 'PS', 'PT', 'PW', 'PY', 'QA', 'RO', 'RS', 'RW', 'SA', 'SB', 'SC', 'SE', 'SG', 'SI', 'SK', 'SL', 'SM', 'SN', 'SR', 'ST', 'SV', 'SZ', 'TD', 'TG', 'TH', 'TJ', 'TL', 'TN', 'TO', 'TR', 'TT', 'TV', 'TW', 'TZ', 'UA', 'UG', 'US', 'UY', 'UZ', 'VC', 'VE', 'VN', 'VU', 'WS', 'XK', 'ZA', 'ZM', 'ZW']",182
spotify:artist:1U0sIzpRtDkvu1hXXzxh60,spotify:album:6pw1XPub1bSMq03ASVqRVu,Take Me Apart,{'spotify': 'https://open.spotify.com/album/6pw1XPub1bSMq03ASVqRVu'},https://open.spotify.com/album/6pw1XPub1bSMq03ASVqRVu,2017-10-06,14,"['AD', 'AE', 'AG', 'AL', 'AM', 'AO', 'AR', 'AT', 'AU', 'AZ', 'BA', 'BB', 'BD', 'BE', 'BF', 'BG', 'BH', 'BI', 'BJ', 'BN', 'BO', 'BR', 'BS', 'BT', 'BW', 'BY', 'BZ', 'CA', 'CD', 'CG', 'CH', 'CI', 'CL', 'CM', 'CO', 'CR', 'CV', 'CW', 'CY', 'CZ', 'DE', 'DJ', 'DK', 'DM', 'DO', 'DZ', 'EC', 'EE', 'EG', 'ES', 'FI', 'FJ', 'FM', 'FR', 'GA', 'GB', 'GD', 'GE', 'GH', 'GM', 'GN', 'GQ', 'GR', 'GT', 'GW', 'GY', 'HK', 'HN', 'HR', 'HT', 'HU', 'ID', 'IE', 'IL', 'IN', 'IQ', 'IS', 'IT', 'JM', 'JO', 'KE', 'KG', 'KH', 'KI', 'KM', 'KN', 'KR', 'KW', 'KZ', 'LA', 'LB', 'LC', 'LI', 'LK', 'LR', 'LS', 'LT', 'LU', 'LV', 'LY', 'MA', 'MC', 'MD', 'ME', 'MG', 'MH', 'MK', 'ML', 'MN', 'MO', 'MR', 'MT', 'MU', 'MV', 'MW', 'MX', 'MY', 'MZ', 'NA', 'NE', 'NG', 'NI', 'NL', 'NO', 'NP', 'NR', 'NZ', 'OM', 'PA', 'PE', 'PG', 'PH', 'PK', 'PL', 'PS', 'PT', 'PW', 'PY', 'QA', 'RO', 'RS', 'RW', 'SA', 'SB', 'SC', 'SE', 'SG', 'SI', 'SK', 'SL', 'SM', 'SN', 'SR', 'ST', 'SV', 'SZ', 'TD', 'TG', 'TH', 'TJ', 'TL', 'TN', 'TO', 'TR', 'TT', 'TV', 'TW', 'TZ', 'UA', 'UG', 'US', 'UY', 'UZ', 'VC', 'VE', 'VN', 'VU', 'WS', 'XK', 'ZA', 'ZM', 'ZW']",182
spotify:artist:1U0sIzpRtDkvu1hXXzxh60,spotify:album:6GUZgwnFaWR2gIV1CdFdT1,Take Me Apart,{'spotify': 'https://open.spotify.com/album/6GUZgwnFaWR2gIV1CdFdT1'},https://open.spotify.com/album/6GUZgwnFaWR2gIV1CdFdT1,2017-10-06,14,['JP'],1
spotify:artist:1U0sIzpRtDkvu1hXXzxh60,spotify:album:61XtBJc3O6uFmPYrHvyXnj,Hallucinogen,{'spotify': 'https://open.spotify.com/album/61XtBJc3O6uFmPYrHvyXnj'},https://open.spotify.com/album/61XtBJc3O6uFmPYrHvyXnj,2015-10-09,13,['JP'],1
spotify:artist:1U0sIzpRtDkvu1hXXzxh60,spotify:album:5vI1UvJLIPAKf1kvzgPaTO,Hallucinogen,{'spotify': 'https://open.spotify.com/album/5vI1UvJLIPAKf1kvzgPaTO'},https://open.spotify.com/album/5vI1UvJLIPAKf1kvzgPaTO,2015-10-09,13,"['AD', 'AE', 'AG', 'AL', 'AM', 'AO', 'AR', 'AT', 'AU', 'AZ', 'BA', 'BB', 'BD', 'BE', 'BF', 'BG', 'BH', 'BI', 'BJ', 'BN', 'BO', 'BR', 'BS', 'BT', 'BW', 'BY', 'BZ', 'CA', 'CD', 'CG', 'CH', 'CI', 'CL', 'CM', 'CO', 'CR', 'CV', 'CW', 'CY', 'CZ', 'DE', 'DJ', 'DK', 'DM', 'DO', 'DZ', 'EC', 'EE', 'EG', 'ES', 'FI', 'FJ', 'FM', 'FR', 'GA', 'GB', 'GD', 'GE', 'GH', 'GM', 'GN', 'GQ', 'GR', 'GT', 'GW', 'GY', 'HK', 'HN', 'HR', 'HT', 'HU', 'ID', 'IE', 'IL', 'IN', 'IQ', 'IS', 'IT', 'JM', 'JO', 'KE', 'KG', 'KH', 'KI', 'KM', 'KN', 'KR', 'KW', 'KZ', 'LA', 'LB', 'LC', 'LI', 'LK', 'LR', 'LS', 'LT', 'LU', 'LV', 'LY', 'MA', 'MC', 'MD', 'ME', 'MG', 'MH', 'MK', 'ML', 'MN', 'MO', 'MR', 'MT', 'MU', 'MV', 'MW', 'MX', 'MY', 'MZ', 'NA', 'NE', 'NG', 'NI', 'NL', 'NO', 'NP', 'NR', 'NZ', 'OM', 'PA', 'PE', 'PG', 'PH', 'PK', 'PL', 'PS', 'PT', 'PW', 'PY', 'QA', 'RO', 'RS', 'RW', 'SA', 'SB', 'SC', 'SE', 'SG', 'SI', 'SK', 'SL', 'SM', 'SN', 'SR', 'ST', 'SV', 'SZ', 'TD', 'TG', 'TH', 'TJ', 'TL', 'TN', 'TO', 'TR', 'TT', 'TV', 'TW', 'TZ', 'UA', 'UG', 'US', 'UY', 'UZ', 'VC', 'VE', 'VN', 'VU', 'WS', 'XK', 'ZA', 'ZM', 'ZW']",182
spotify:artist:1U0sIzpRtDkvu1hXXzxh60,spotify:album:0TINzVFDomwU0tx3T78Kr3,Cut 4 Me (Deluxe),{'spotify': 'https://open.spotify.com/album/0TINzVFDomwU0tx3T78Kr3'},https://open.spotify.com/album/0TINzVFDomwU0tx3T78Kr3,2015-04-06,22,"['AD', 'AE', 'AG', 'AL', 'AM', 'AO', 'AR', 'AT', 'AU', 'AZ', 'BA', 'BB', 'BD', 'BE', 'BF', 'BG', 'BH', 'BI', 'BJ', 'BN', 'BO', 'BR', 'BS', 'BT', 'BW', 'BY', 'BZ', 'CA', 'CD', 'CG', 'CH', 'CI', 'CL', 'CM', 'CO', 'CR', 'CV', 'CW', 'CY', 'CZ', 'DE', 'DJ', 'DK', 'DM', 'DO', 'DZ', 'EC', 'EE', 'EG', 'ES', 'FI', 'FJ', 'FM', 'FR', 'GA', 'GB', 'GD', 'GE', 'GH', 'GM', 'GN', 'GQ', 'GR', 'GT', 'GW', 'GY', 'HK', 'HN', 'HR', 'HT', 'HU', 'ID', 'IE', 'IL', 'IN', 'IQ', 'IS', 'IT', 'JM', 'JO', 'JP', 'KE', 'KG', 'KH', 'KI', 'KM', 'KN', 'KR', 'KW', 'KZ', 'LA', 'LB', 'LC', 'LI', 'LK', 'LR', 'LS', 'LT', 'LU', 'LV', 'LY', 'MA', 'MC', 'MD', 'ME', 'MG', 'MH', 'MK', 'ML', 'MN', 'MO', 'MR', 'MT', 'MU', 'MV', 'MW', 'MX', 'MY', 'MZ', 'NA', 'NE', 'NG', 'NI', 'NL', 'NO', 'NP', 'NR', 'NZ', 'OM', 'PA', 'PE', 'PG', 'PH', 'PK', 'PL', 'PS', 'PT', 'PW', 'PY', 'QA', 'RO', 'RS', 'RW', 'SA', 'SB', 'SC', 'SE', 'SG', 'SI', 'SK', 'SL', 'SM', 'SN', 'SR', 'ST', 'SV', 'SZ', 'TD', 'TG', 'TH', 'TJ', 'TL', 'TN', 'TO', 'TR', 'TT', 'TV', 'TW', 'TZ', 'UA', 'UG', 'US', 'UY', 'UZ', 'VC', 'VE', 'VN', 'VU', 'WS', 'XK', 'ZA', 'ZM', 'ZW']",183
spotify:artist:1U0sIzpRtDkvu1hXXzxh60,spotify:album:5MK4r8USwzUygrZt4yAQv0,Cut 4 Me (Deluxe Version),{'spotify': 'https://open.spotify.com/album/5MK4r8USwzUygrZt4yAQv0'},https://open.spotify.com/album/5MK4r8USwzUygrZt4yAQv0,2015-04-06,22,['JP'],1
spotify:artist:1U0sIzpRtDkvu1hXXzxh60,spotify:album:2RPUtz0BH6L3SMoQ6slT3G,CUT 4 ME,{'spotify': 'https://open.spotify.com/album/2RPUtz0BH6L3SMoQ6slT3G'},https://open.spotify.com/album/2RPUtz0BH6L3SMoQ6slT3G,2013-10-01,13,"['AD', 'AE', 'AG', 'AL', 'AM', 'AO', 'AR', 'AT', 'AU', 'AZ', 'BA', 'BB', 'BD', 'BE', 'BF', 'BG', 'BH', 'BI', 'BJ', 'BN', 'BO', 'BR', 'BS', 'BT', 'BW', 'BY', 'BZ', 'CA', 'CD', 'CG', 'CH', 'CI', 'CL', 'CM', 'CO', 'CR', 'CV', 'CW', 'CY', 'CZ', 'DE', 'DJ', 'DK', 'DM', 'DO', 'DZ', 'EC', 'EE', 'EG', 'ES', 'FI', 'FJ', 'FM', 'FR', 'GA', 'GB', 'GD', 'GE', 'GH', 'GM', 'GN', 'GQ', 'GR', 'GT', 'GW', 'GY', 'HK', 'HN', 'HR', 'HT', 'HU', 'ID', 'IE', 'IL', 'IN', 'IQ', 'IS', 'IT', 'JM', 'JO', 'JP', 'KE', 'KG', 'KH', 'KI', 'KM', 'KN', 'KR', 'KW', 'KZ', 'LA', 'LB', 'LC', 'LI', 'LK', 'LR', 'LS', 'LT', 'LU', 'LV', 'LY', 'MA', 'MC', 'MD', 'ME', 'MG', 'MH', 'MK', 'ML', 'MN', 'MO', 'MR', 'MT', 'MU', 'MV', 'MW', 'MX', 'MY', 'MZ', 'NA', 'NE', 'NG', 'NI', 'NL', 'NO', 'NP', 'NR', 'NZ', 'OM', 'PA', 'PE', 'PG', 'PH', 'PK', 'PL', 'PS', 'PT', 'PW', 'PY', 'QA', 'RO', 'RS', 'RW', 'SA', 'SB', 'SC', 'SE', 'SG', 'SI', 'SK', 'SL', 'SM', 'SN', 'SR', 'ST', 'SV', 'SZ', 'TD', 'TG', 'TH', 'TJ', 'TL', 'TN', 'TO', 'TR', 'TT', 'TV', 'TW', 'TZ', 'UA', 'UG', 'US', 'UY', 'UZ', 'VC', 'VE', 'VN', 'VU', 'WS', 'XK', 'ZA', 'ZM', 'ZW']",183
spotify:artist:1U0sIzpRtDkvu1hXXzxh60,spotify:album:4iCzdw6VSLG7RpSsSgboaI,CUT 4 ME,{'spotify': 'https://open.spotify.com/album/4iCzdw6VSLG7RpSsSgboaI'},https://open.spotify.com/album/4iCzdw6VSLG7RpSsSgboaI,2013-10-01,13,['JP'],1
spotify:artist:5he5w2lnU9x7JFhnwcekXX,spotify:album:6bfkwBrGYKJFk6Z4QVyjxd,Skrillex and Diplo present Jack Ãœ,{'spotify': 'https://open.spotify.com/album/6bfkwBrGYKJFk6Z4QVyjxd'},https://open.spotify.com/album/6bfkwBrGYKJFk6Z4QVyjxd,2015-02-24,10,"['AE', 'AG', 'AL', 'AM', 'AR', 'AT', 'AU', 'AZ', 'BA', 'BB', 'BD', 'BE', 'BF', 'BG', 'BH', 'BN', 'BO', 'BR', 'BS', 'BW', 'BY', 'BZ', 'CA', 'CH', 'CL', 'CO', 'CR', 'CV', 'CW', 'CY', 'CZ', 'DE', 'DK', 'DM', 'DO', 'DZ', 'EC', 'EE', 'EG', 'ES', 'FI', 'FJ', 'FM', 'FR', 'GB', 'GD', 'GH', 'GM', 'GR', 'GT', 'GW', 'HK', 'HN', 'HR', 'HT', 'HU', 'ID', 'IE', 'IL', 'IN', 'IQ', 'IS', 'IT', 'JM', 'JO', 'JP', 'KE', 'KG', 'KH', 'KN', 'KR', 'KW', 'KZ', 'LA', 'LB', 'LC', 'LI', 'LK', 'LT', 'LU', 'LV', 'LY', 'MA', 'MC', 'MD', 'ME', 'MK', 'MN', 'MO', 'MT', 'MU', 'MX', 'MY', 'MZ', 'NA', 'NE', 'NG', 'NI', 'NL', 'NO', 'NP', 'NZ', 'OM', 'PA', 'PE', 'PG', 'PH', 'PK', 'PL', 'PS', 'PT', 'PY', 'QA', 'RO', 'RS', 'SA', 'SE', 'SG', 'SI', 'SK', 'SV', 'SZ', 'TD', 'TH', 'TJ', 'TL', 'TN', 'TR', 'TT', 'TW', 'UA', 'UG', 'US', 'UY', 'UZ', 'VC', 'VE', 'VN', 'XK', 'ZA', 'ZW']",141
spotify:artist:5he5w2lnU9x7JFhnwcekXX,spotify:album:6jQcao5aykVoEceiFz1t4I,Recess,{'spotify': 'https://open.spotify.com/album/6jQcao5aykVoEceiFz1t4I'},https://open.spotify.com/album/6jQcao5aykVoEceiFz1t4I,2014-03-17,11,['BN'],1
spotify:artist:5he5w2lnU9x7JFhnwcekXX,spotify:album:7rf1qZJ6hGSlPN7K9ShsVV,Recess,{'spotify': 'https://open.spotify.com/album/7rf1qZJ6hGSlPN7K9ShsVV'},https://open.spotify.com/album/7rf1qZJ6hGSlPN7K9ShsVV,2014-03-14,11,"['AD', 'AE', 'AG', 'AL', 'AM', 'AO', 'AR', 'AT', 'AU', 'AZ', 'BA', 'BB', 'BD', 'BE', 'BF', 'BG', 'BH', 'BI', 'BJ', 'BN', 'BO', 'BR', 'BS', 'BW', 'BY', 'BZ', 'CA', 'CD', 'CG', 'CH', 'CI', 'CL', 'CM', 'CO', 'CR', 'CV', 'CW', 'CY', 'CZ', 'DE', 'DJ', 'DK', 'DM', 'DO', 'DZ', 'EC', 'EE', 'EG', 'ES', 'FI', 'FJ', 'FM', 'FR', 'GA', 'GB', 'GD', 'GH', 'GM', 'GN', 'GQ', 'GR', 'GT', 'GW', 'HK', 'HN', 'HR', 'HT', 'HU', 'ID', 'IE', 'IL', 'IN', 'IQ', 'IS', 'IT', 'JM', 'JO', 'JP', 'KE', 'KG', 'KH', 'KM', 'KN', 'KR', 'KW', 'KZ', 'LA', 'LB', 'LC', 'LK', 'LR', 'LS', 'LT', 'LU', 'LV', 'LY', 'MA', 'MC', 'MD', 'ME', 'MG', 'MK', 'ML', 'MN', 'MO', 'MR', 'MT', 'MU', 'MW', 'MX', 'MY', 'MZ', 'NA', 'NE', 'NG', 'NI', 'NL', 'NO', 'NP', 'NZ', 'OM', 'PA', 'PE', 'PG', 'PH', 'PK', 'PL', 'PT', 'PY', 'QA', 'RO', 'RS', 'RW', 'SA', 'SC', 'SE', 'SG', 'SI', 'SK', 'SL', 'SM', 'SN', 'ST', 'SV', 'SZ', 'TD', 'TG', 'TH', 'TJ', 'TL', 'TN', 'TR', 'TT', 'TW', 'TZ', 'UA', 'UG', 'US', 'UY', 'UZ', 'VC', 'VE', 'VN', 'XK', 'ZA', 'ZM', 'ZW']",167
spotify:artist:5he5w2lnU9x7JFhnwcekXX,spotify:album:6HbNEBza64W10MQxUFq6QL,Scary Monsters and Nice Sprites (Deluxe Tour Edition),{'spotify': 'https://open.spotify.com/album/6HbNEBza64W10MQxUFq6QL'},https://open.spotify.com/album/6HbNEBza64W10MQxUFq6QL,2010-12-21,11,"['AD', 'AE', 'AG', 'AL', 'AM', 'AO', 'AR', 'AT', 'AU', 'AZ', 'BA', 'BB', 'BD', 'BE', 'BF', 'BG', 'BH', 'BI', 'BJ', 'BN', 'BO', 'BR', 'BS', 'BW', 'BY', 'BZ', 'CD', 'CG', 'CH', 'CI', 'CL', 'CM', 'CO', 'CR', 'CV', 'CW', 'CY', 'CZ', 'DE', 'DJ', 'DK', 'DM', 'DO', 'DZ', 'EC', 'EE', 'EG', 'ES', 'FI', 'FJ', 'FM', 'FR', 'GA', 'GB', 'GD', 'GE', 'GH', 'GM', 'GN', 'GQ', 'GR', 'GT', 'GW', 'HK', 'HN', 'HR', 'HT', 'HU', 'ID', 'IE', 'IL', 'IN', 'IQ', 'IS', 'IT', 'JM', 'JO', 'JP', 'KE', 'KG', 'KH', 'KM', 'KN', 'KR', 'KW', 'KZ', 'LA', 'LB', 'LC', 'LI', 'LK', 'LR', 'LS', 'LT', 'LU', 'LV', 'LY', 'MA', 'MC', 'MD', 'ME', 'MG', 'MK', 'ML', 'MN', 'MO', 'MR', 'MT', 'MU', 'MW', 'MY', 'MZ', 'NA', 'NE', 'NG', 'NI', 'NL', 'NO', 'NP', 'NZ', 'OM', 'PA', 'PE', 'PG', 'PH', 'PK', 'PL', 'PS', 'PT', 'PY', 'QA', 'RO', 'RS', 'RW', 'SA', 'SC', 'SE', 'SG', 'SI', 'SK', 'SL', 'SM', 'SN', 'ST', 'SV', 'SZ', 'TD', 'TG', 'TH', 'TJ', 'TL', 'TN', 'TR', 'TT', 'TW', 'TZ', 'UA', 'UG', 'UY', 'UZ', 'VC', 'VE', 'VN', 'XK', 'ZA', 'ZM', 'ZW']",167
spotify:artist:3JhNCzhSMTxs9WLGJJxWOY,spotify:album:72qA6s4fjF8Y2VX1UDMfp2,GEMINI,{'spotify': 'https://open.spotify.com/album/72qA6s4fjF8Y2VX1UDMfp2'},https://open.spotify.com/album/72qA6s4fjF8Y2VX1UDMfp2,2017-09-22,16,"['AD', 'AE', 'AG', 'AL', 'AM', 'AO', 'AR', 'AT', 'AU', 'AZ', 'BA', 'BB', 'BD', 'BE', 'BF', 'BG', 'BH', 'BI', 'BJ', 'BN', 'BO', 'BR', 'BS', 'BT', 'BW', 'BY', 'BZ', 'CA', 'CD', 'CG', 'CH', 'CI', 'CL', 'CM', 'CO', 'CR', 'CV', 'CW', 'CY', 'CZ', 'DE', 'DJ', 'DK', 'DM', 'DO', 'DZ', 'EC', 'EE', 'EG', 'ES', 'FI', 'FJ', 'FM', 'FR', 'GA', 'GB', 'GD', 'GE', 'GH', 'GM', 'GN', 'GQ', 'GR', 'GT', 'GW', 'GY', 'HK', 'HN', 'HR', 'HT', 'HU', 'ID', 'IE', 'IL', 'IN', 'IQ', 'IS', 'IT', 'JM', 'JO', 'JP', 'KE', 'KG', 'KH', 'KI', 'KM', 'KN', 'KR', 'KW', 'KZ', 'LA', 'LB', 'LC', 'LI', 'LK', 'LR', 'LS', 'LT', 'LU', 'LV', 'LY', 'MA', 'MC', 'MD', 'ME', 'MG', 'MH', 'MK', 'ML', 'MN', 'MO', 'MR', 'MT', 'MU', 'MV', 'MW', 'MX', 'MY', 'MZ', 'NA', 'NE', 'NG', 'NI', 'NL', 'NO', 'NP', 'NR', 'NZ', 'OM', 'PA', 'PE', 'PG', 'PH', 'PK', 'PL', 'PS', 'PT', 'PW', 'PY', 'QA', 'RO', 'RS', 'RW', 'SA', 'SB', 'SC', 'SE', 'SG', 'SI', 'SK', 'SL', 'SM', 'SN', 'SR', 'ST', 'SV', 'SZ', 'TD', 'TG', 'TH', 'TJ', 'TL', 'TN', 'TO', 'TR', 'TT', 'TV', 'TW', 'TZ', 'UA', 'UG', 'US', 'UY', 'UZ', 'VC', 'VE', 'VN', 'VU', 'WS', 'XK', 'ZA', 'ZM', 'ZW']",183
spotify:artist:3JhNCzhSMTxs9WLGJJxWOY,spotify:album:4QjQQRZ5KEcF7qBb87FCaT,GEMINI,{'spotify': 'https://open.spotify.com/album/4QjQQRZ5KEcF7qBb87FCaT'},https://open.spotify.com/album/4QjQQRZ5KEcF7qBb87FCaT,2017-09-22,16,"['AD', 'AE', 'AG', 'AL', 'AM', 'AO', 'AR', 'AT', 'AU', 'AZ', 'BA', 'BB', 'BD', 'BE', 'BF', 'BG', 'BH', 'BI', 'BJ', 'BN', 'BO', 'BR', 'BS', 'BT', 'BW', 'BY', 'BZ', 'CA', 'CD', 'CG', 'CH', 'CI', 'CL', 'CM', 'CO', 'CR', 'CV', 'CW', 'CY', 'CZ', 'DE', 'DJ', 'DK', 'DM', 'DO', 'DZ', 'EC', 'EE', 'EG', 'ES', 'FI', 'FJ', 'FM', 'FR', 'GA', 'GB', 'GD', 'GE', 'GH', 'GM', 'GN', 'GQ', 'GR', 'GT', 'GW', 'GY', 'HK', 'HN', 'HR', 'HT', 'HU', 'ID', 'IE', 'IL', 'IN', 'IQ', 'IS', 'IT', 'JM', 'JO', 'JP', 'KE', 'KG', 'KH', 'KI', 'KM', 'KN', 'KR', 'KW', 'KZ', 'LA', 'LB', 'LC', 'LI', 'LK', 'LR', 'LS', 'LT', 'LU', 'LV', 'LY', 'MA', 'MC', 'MD', 'ME', 'MG', 'MH', 'MK', 'ML', 'MN', 'MO', 'MR', 'MT', 'MU', 'MV', 'MW', 'MX', 'MY', 'MZ', 'NA', 'NE', 'NG', 'NI', 'NL', 'NO', 'NP', 'NR', 'NZ', 'OM', 'PA', 'PE', 'PG', 'PH', 'PK', 'PL', 'PS', 'PT', 'PW', 'PY', 'QA', 'RO', 'RS', 'RW', 'SA', 'SB', 'SC', 'SE', 'SG', 'SI', 'SK', 'SL', 'SM', 'SN', 'SR', 'ST', 'SV', 'SZ', 'TD', 'TG', 'TH', 'TJ', 'TL', 'TN', 'TO', 'TR', 'TT', 'TV', 'TW', 'TZ', 'UA', 'UG', 'US', 'UY', 'UZ', 'VC', 'VE', 'VN', 'VU', 'WS', 'XK', 'ZA', 'ZM', 'ZW']",183
spotify:artist:3JhNCzhSMTxs9WLGJJxWOY,spotify:album:2kqn09pydzvKvB3xWbAxY4,This Unruly Mess I've Made,{'spotify': 'https://open.spotify.com/album/2kqn09pydzvKvB3xWbAxY4'},https://open.spotify.com/album/2kqn09pydzvKvB3xWbAxY4,2016-02-26,13,"['AD', 'AG', 'AL', 'AM', 'AO', 'AR', 'AT', 'AU', 'AZ', 'BA', 'BB', 'BD', 'BE', 'BG', 'BI', 'BJ', 'BO', 'BR', 'BS', 'BT', 'BW', 'BZ', 'CA', 'CD', 'CG', 'CH', 'CI', 'CL', 'CM', 'CO', 'CR', 'CV', 'CW', 'CY', 'CZ', 'DE', 'DJ', 'DK', 'DM', 'DO', 'DZ', 'EC', 'EE', 'ES', 'FI', 'FJ', 'FM', 'FR', 'GA', 'GB', 'GD', 'GE', 'GH', 'GM', 'GN', 'GQ', 'GR', 'GT', 'GW', 'GY', 'HK', 'HN', 'HR', 'HT', 'HU', 'ID', 'IE', 'IL', 'IN', 'IQ', 'IS', 'IT', 'JM', 'JP', 'KE', 'KG', 'KH', 'KI', 'KM', 'KN', 'KR', 'KW', 'KZ', 'LA', 'LC', 'LI', 'LK', 'LR', 'LS', 'LT', 'LU', 'LV', 'LY', 'MA', 'MC', 'MD', 'ME', 'MG', 'MH', 'MK', 'ML', 'MN', 'MO', 'MR', 'MT', 'MU', 'MV', 'MW', 'MX', 'MY', 'MZ', 'NA', 'NE', 'NG', 'NI', 'NL', 'NO', 'NP', 'NR', 'NZ', 'PA', 'PE', 'PG', 'PH', 'PK', 'PL', 'PS', 'PT', 'PW', 'PY', 'RO', 'RS', 'RW', 'SB', 'SC', 'SE', 'SG', 'SI', 'SK', 'SL', 'SM', 'SN', 'SR', 'ST', 'SV', 'SZ', 'TD', 'TG', 'TH', 'TJ', 'TL', 'TN', 'TO', 'TR', 'TT', 'TV', 'TW', 'TZ', 'UA', 'UG', 'US', 'UY', 'VC', 'VE', 'VN', 'VU', 'WS', 'XK', 'ZA', 'ZM', 'ZW']",171
spotify:artist:3JhNCzhSMTxs9WLGJJxWOY,spotify:album:33P1UCO4J5nCXbOyvtp8dm,This Unruly Mess I've Made,{'spotify': 'https://open.spotify.com/album/33P1UCO4J5nCXbOyvtp8dm'},https://open.spotify.com/album/33P1UCO4J5nCXbOyvtp8dm,2016-02-25,13,"['AE', 'AU', 'BD', 'BF', 'BH', 'BN', 'BY', 'CA', 'EG', 'IL', 'IN', 'JO', 'KW', 'LB', 'LK', 'NP', 'NZ', 'OM', 'PK', 'PS', 'QA', 'SA', 'TR', 'US', 'UZ', 'ZA']",26
spotify:artist:3JhNCzhSMTxs9WLGJJxWOY,spotify:album:2pFX16u42q0e5F5vRmmzYT,The Heist (Deluxe Edition),{'spotify': 'https://open.spotify.com/album/2pFX16u42q0e5F5vRmmzYT'},https://open.spotify.com/album/2pFX16u42q0e5F5vRmmzYT,2012-10-09,18,"['AD', 'AE', 'AG', 'AL', 'AM', 'AO', 'AR', 'AT', 'AU', 'AZ', 'BA', 'BB', 'BD', 'BE', 'BF', 'BG', 'BH', 'BI', 'BJ', 'BN', 'BO', 'BR', 'BS', 'BT', 'BW', 'BY', 'BZ', 'CA', 'CD', 'CG', 'CH', 'CI', 'CL', 'CM', 'CO', 'CR', 'CV', 'CW', 'CY', 'CZ', 'DE', 'DJ', 'DK', 'DM', 'DO', 'DZ', 'EC', 'EE', 'EG', 'ES', 'FI', 'FJ', 'FM', 'FR', 'GA', 'GB', 'GD', 'GE', 'GH', 'GM', 'GN', 'GQ', 'GR', 'GT', 'GW', 'GY', 'HK', 'HN', 'HR', 'HT', 'HU', 'ID', 'IE', 'IL', 'IN', 'IQ', 'IS', 'IT', 'JM', 'JO', 'JP', 'KE', 'KG', 'KH', 'KI', 'KM', 'KN', 'KR', 'KW', 'KZ', 'LA', 'LB', 'LC', 'LI', 'LK', 'LR', 'LS', 'LT', 'LU', 'LV', 'LY', 'MA', 'MC', 'MD', 'ME', 'MG', 'MH', 'MK', 'ML', 'MN', 'MO', 'MR', 'MT', 'MU', 'MV', 'MW', 'MX', 'MY', 'MZ', 'NA', 'NE', 'NG', 'NI', 'NL', 'NO', 'NP', 'NR', 'NZ', 'OM', 'PA', 'PE', 'PG', 'PH', 'PK', 'PL', 'PS', 'PT', 'PW', 'PY', 'QA', 'RO', 'RS', 'RW', 'SA', 'SB', 'SC', 'SE', 'SG', 'SI', 'SK', 'SL', 'SM', 'SN', 'SR', 'ST', 'SV', 'SZ', 'TD', 'TG', 'TH', 'TJ', 'TL', 'TN', 'TO', 'TR', 'TT', 'TV', 'TW', 'TZ', 'UA', 'UG', 'US', 'UY', 'UZ', 'VC', 'VE', 'VN', 'VU', 'WS', 'XK', 'ZA', 'ZM', 'ZW']",183
spotify:artist:3JhNCzhSMTxs9WLGJJxWOY,spotify:album:5QWHes9ODwn42DHTifGkXd,The Heist,{'spotify': 'https://open.spotify.com/album/5QWHes9ODwn42DHTifGkXd'},https://open.spotify.com/album/5QWHes9ODwn42DHTifGkXd,2012-10-09,15,"['AD', 'AE', 'AG', 'AL', 'AM', 'AO', 'AR', 'AT', 'AU', 'AZ', 'BA', 'BB', 'BD', 'BE', 'BF', 'BG', 'BH', 'BI', 'BJ', 'BN', 'BO', 'BR', 'BS', 'BT', 'BW', 'BY', 'BZ', 'CA', 'CD', 'CG', 'CH', 'CI', 'CL', 'CM', 'CO', 'CR', 'CV', 'CW', 'CY', 'CZ', 'DE', 'DJ', 'DK', 'DM', 'DO', 'DZ', 'EC', 'EE', 'EG', 'ES', 'FI', 'FJ', 'FM', 'FR', 'GA', 'GB', 'GD', 'GE', 'GH', 'GM', 'GN', 'GQ', 'GR', 'GT', 'GW', 'GY', 'HK', 'HN', 'HR', 'HT', 'HU', 'ID', 'IE', 'IL', 'IN', 'IQ', 'IS', 'IT', 'JM', 'JO', 'JP', 'KE', 'KG', 'KH', 'KI', 'KM', 'KN', 'KR', 'KW', 'KZ', 'LA', 'LB', 'LC', 'LI', 'LK', 'LR', 'LS', 'LT', 'LU', 'LV', 'LY', 'MA', 'MC', 'MD', 'ME', 'MG', 'MH', 'MK', 'ML', 'MN', 'MO', 'MR', 'MT', 'MU', 'MV', 'MW', 'MX', 'MY', 'MZ', 'NA', 'NE', 'NG', 'NI', 'NL', 'NO', 'NP', 'NR', 'NZ', 'OM', 'PA', 'PE', 'PG', 'PH', 'PK', 'PL', 'PS', 'PT', 'PW', 'PY', 'QA', 'RO', 'RS', 'RW', 'SA', 'SB', 'SC', 'SE', 'SG', 'SI', 'SK', 'SL', 'SM', 'SN', 'SR', 'ST', 'SV', 'SZ', 'TD', 'TG', 'TH', 'TJ', 'TL', 'TN', 'TO', 'TR', 'TT', 'TV', 'TW', 'TZ', 'UA', 'UG', 'US', 'UY', 'UZ', 'VC', 'VE', 'VN', 'VU', 'WS', 'XK', 'ZA', 'ZM', 'ZW']",183
spotify:artist:3JhNCzhSMTxs9WLGJJxWOY,spotify:album:76FXHQhTuT4QMIxfL09gX8,The Heist,{'spotify': 'https://open.spotify.com/album/76FXHQhTuT4QMIxfL09gX8'},https://open.spotify.com/album/76FXHQhTuT4QMIxfL09gX8,2012-10-09,15,"['AD', 'AE', 'AG', 'AL', 'AM', 'AO', 'AR', 'AT', 'AU', 'AZ', 'BA', 'BB', 'BD', 'BE', 'BF', 'BG', 'BH', 'BI', 'BJ', 'BN', 'BO', 'BR', 'BS', 'BT', 'BW', 'BY', 'BZ', 'CA', 'CD', 'CG', 'CI', 'CL', 'CM', 'CO', 'CR', 'CV', 'CW', 'CY', 'CZ', 'DE', 'DJ', 'DK', 'DM', 'DO', 'DZ', 'EC', 'EE', 'EG', 'ES', 'FI', 'FJ', 'FM', 'GA', 'GB', 'GD', 'GE', 'GH', 'GM', 'GN', 'GQ', 'GR', 'GT', 'GW', 'GY', 'HK', 'HN', 'HR', 'HT', 'HU', 'ID', 'IE', 'IL', 'IN', 'IQ', 'IS', 'JM', 'JO', 'JP', 'KE', 'KG', 'KH', 'KI', 'KM', 'KN', 'KR', 'KW', 'KZ', 'LA', 'LB', 'LC', 'LI', 'LK', 'LR', 'LS', 'LT', 'LU', 'LV', 'LY', 'MA', 'MC', 'MD', 'ME', 'MG', 'MH', 'MK', 'ML', 'MN', 'MO', 'MR', 'MT', 'MU', 'MV', 'MW', 'MX', 'MY', 'MZ', 'NA', 'NE', 'NG', 'NI', 'NL', 'NO', 'NP', 'NR', 'NZ', 'OM', 'PA', 'PE', 'PG', 'PH', 'PK', 'PL', 'PS', 'PT', 'PW', 'PY', 'QA', 'RO', 'RS', 'RW', 'SA', 'SB', 'SC', 'SE', 'SG', 'SI', 'SK', 'SL', 'SM', 'SN', 'SR', 'ST', 'SV', 'SZ', 'TD', 'TG', 'TH', 'TJ', 'TL', 'TN', 'TO', 'TR', 'TT', 'TV', 'TW', 'TZ', 'UA', 'UG', 'US', 'UY', 'UZ', 'VC', 'VE', 'VN', 'VU', 'WS', 'XK', 'ZA', 'ZM', 'ZW']",180
spotify:artist:3JhNCzhSMTxs9WLGJJxWOY,spotify:album:2P2atUi0aJN6ToT1zsgVQR,The Language of My World,{'spotify': 'https://open.spotify.com/album/2P2atUi0aJN6ToT1zsgVQR'},https://open.spotify.com/album/2P2atUi0aJN6ToT1zsgVQR,2005-01-01,20,"['AD', 'AE', 'AG', 'AL', 'AM', 'AO', 'AR', 'AT', 'AU', 'AZ', 'BA', 'BB', 'BD', 'BE', 'BF', 'BG', 'BH', 'BI', 'BJ', 'BN', 'BO', 'BR', 'BS', 'BT', 'BW', 'BY', 'BZ', 'CA', 'CD', 'CG', 'CH', 'CI', 'CL', 'CM', 'CO', 'CR', 'CV', 'CW', 'CY', 'CZ', 'DE', 'DJ', 'DK', 'DM', 'DO', 'DZ', 'EC', 'EE', 'EG', 'ES', 'FI', 'FJ', 'FM', 'FR', 'GA', 'GB', 'GD', 'GE', 'GH', 'GM', 'GN', 'GQ', 'GR', 'GT', 'GW', 'GY', 'HK', 'HN', 'HR', 'HT', 'HU', 'ID', 'IE', 'IL', 'IN', 'IQ', 'IS', 'IT', 'JM', 'JO', 'JP', 'KE', 'KG', 'KH', 'KI', 'KM', 'KN', 'KR', 'KW', 'KZ', 'LA', 'LB', 'LC', 'LI', 'LK', 'LR', 'LS', 'LT', 'LU', 'LV', 'LY', 'MA', 'MC', 'MD', 'ME', 'MG', 'MH', 'MK', 'ML', 'MN', 'MO', 'MR', 'MT', 'MU', 'MV', 'MW', 'MX', 'MY', 'MZ', 'NA', 'NE', 'NG', 'NI', 'NL', 'NO', 'NP', 'NR', 'NZ', 'OM', 'PA', 'PE', 'PG', 'PH', 'PK', 'PL', 'PS', 'PT', 'PW', 'PY', 'QA', 'RO', 'RS', 'RW', 'SA', 'SB', 'SC', 'SE', 'SG', 'SI', 'SK', 'SL', 'SM', 'SN', 'SR', 'ST', 'SV', 'SZ', 'TD', 'TG', 'TH', 'TJ', 'TL', 'TN', 'TO', 'TR', 'TT', 'TV', 'TW', 'TZ', 'UA', 'UG', 'US', 'UY', 'UZ', 'VC', 'VE', 'VN', 'VU', 'WS', 'XK', 'ZA', 'ZM', 'ZW']",183
spotify:artist:25uiPmTg16RbhZWAqwLBy5,spotify:album:3lb7EyEcWhZOK0SpZ2dNpn,CRASH (Deluxe),{'spotify': 'https://open.spotify.com/album/3lb7EyEcWhZOK0SpZ2dNpn'},https://open.spotify.com/album/3lb7EyEcWhZOK0SpZ2dNpn,2022-03-25,16,"['AD', 'AE', 'AG', 'AL', 'AM', 'AO', 'AR', 'AT', 'AU', 'AZ', 'BA', 'BB', 'BD', 'BE', 'BF', 'BG', 'BH', 'BI', 'BJ', 'BN', 'BO', 'BR', 'BS', 'BT', 'BW', 'BZ', 'CA', 'CD', 'CG', 'CH', 'CI', 'CL', 'CM', 'CO', 'CR', 'CV', 'CW', 'CY', 'CZ', 'DE', 'DJ', 'DK', 'DM', 'DO', 'DZ', 'EC', 'EE', 'EG', 'ES', 'FI', 'FJ', 'FM', 'FR', 'GA', 'GB', 'GD', 'GE', 'GH', 'GM', 'GN', 'GQ', 'GR', 'GT', 'GW', 'GY', 'HK', 'HN', 'HR', 'HT', 'HU', 'ID', 'IE', 'IL', 'IN', 'IQ', 'IS', 'IT', 'JM', 'JO', 'JP', 'KE', 'KG', 'KH', 'KI', 'KM', 'KN', 'KR', 'KW', 'KZ', 'LA', 'LB', 'LC', 'LI', 'LK', 'LR', 'LS', 'LT', 'LU', 'LV', 'LY', 'MA', 'MC', 'MD', 'ME', 'MG', 'MH', 'MK', 'ML', 'MN', 'MO', 'MR', 'MT', 'MU', 'MV', 'MW', 'MX', 'MY', 'MZ', 'NA', 'NE', 'NG', 'NI', 'NL', 'NO', 'NP', 'NR', 'NZ', 'OM', 'PA', 'PE', 'PG', 'PH', 'PK', 'PL', 'PS', 'PT', 'PW', 'PY', 'QA', 'RO', 'RS', 'RW', 'SA', 'SB', 'SC', 'SE', 'SG', 'SI', 'SK', 'SL', 'SM', 'SN', 'SR', 'ST', 'SV', 'SZ', 'TD', 'TG', 'TH', 'TJ', 'TL', 'TN', 'TO', 'TR', 'TT', 'TV', 'TW', 'TZ', 'UA', 'UG', 'US', 'UY', 'UZ', 'VC', 'VE', 'VN', 'VU', 'WS', 'XK', 'ZA', 'ZM', 'ZW']",182
spotify:artist:25uiPmTg16RbhZWAqwLBy5,spotify:album:1QqipMXWzJhr6yfcNKTp8B,CRASH,{'spotify': 'https://open.spotify.com/album/1QqipMXWzJhr6yfcNKTp8B'},https://open.spotify.com/album/1QqipMXWzJhr6yfcNKTp8B,2022-03-18,12,"['AD', 'AE', 'AG', 'AL', 'AM', 'AO', 'AR', 'AT', 'AU', 'AZ', 'BA', 'BB', 'BD', 'BE', 'BF', 'BG', 'BH', 'BI', 'BJ', 'BN', 'BO', 'BR', 'BS', 'BT', 'BW', 'BZ', 'CA', 'CD', 'CG', 'CH', 'CI', 'CL', 'CM', 'CO', 'CR', 'CV', 'CW', 'CY', 'CZ', 'DE', 'DJ', 'DK', 'DM', 'DO', 'DZ', 'EC', 'EE', 'EG', 'ES', 'FI', 'FJ', 'FM', 'FR', 'GA', 'GB', 'GD', 'GE', 'GH', 'GM', 'GN', 'GQ', 'GR', 'GT', 'GW', 'GY', 'HK', 'HN', 'HR', 'HT', 'HU', 'ID', 'IE', 'IL', 'IN', 'IQ', 'IS', 'IT', 'JM', 'JO', 'JP', 'KE', 'KG', 'KH', 'KI', 'KM', 'KN', 'KR', 'KW', 'KZ', 'LA', 'LB', 'LC', 'LI', 'LK', 'LR', 'LS', 'LT', 'LU', 'LV', 'LY', 'MA', 'MC', 'MD', 'ME', 'MG', 'MH', 'MK', 'ML', 'MN', 'MO', 'MR', 'MT', 'MU', 'MV', 'MW', 'MX', 'MY', 'MZ', 'NA', 'NE', 'NG', 'NI', 'NL', 'NO', 'NP', 'NR', 'NZ', 'OM', 'PA', 'PE', 'PG', 'PH', 'PK', 'PL', 'PS', 'PT', 'PW', 'PY', 'QA', 'RO', 'RS', 'RW', 'SA', 'SB', 'SC', 'SE', 'SG', 'SI', 'SK', 'SL', 'SM', 'SN', 'SR', 'ST', 'SV', 'SZ', 'TD', 'TG', 'TH', 'TJ', 'TL', 'TN', 'TO', 'TR', 'TT', 'TV', 'TW', 'TZ', 'UA', 'UG', 'US', 'UY', 'UZ', 'VC', 'VE', 'VN', 'VU', 'WS', 'XK', 'ZA', 'ZM', 'ZW']",182
spotify:artist:25uiPmTg16RbhZWAqwLBy5,spotify:album:3a9qH2VEsSiOZvMrjaS0Nu,how i'm feeling now,{'spotify': 'https://open.spotify.com/album/3a9qH2VEsSiOZvMrjaS0Nu'},https://open.spotify.com/album/3a9qH2VEsSiOZvMrjaS0Nu,2020-05-15,11,"['AD', 'AE', 'AG', 'AL', 'AM', 'AO', 'AR', 'AT', 'AU', 'AZ', 'BA', 'BB', 'BD', 'BE', 'BF', 'BG', 'BH', 'BI', 'BJ', 'BN', 'BO', 'BR', 'BS', 'BT', 'BW', 'BY', 'BZ', 'CA', 'CD', 'CG', 'CH', 'CI', 'CL', 'CM', 'CO', 'CR', 'CV', 'CW', 'CY', 'CZ', 'DE', 'DJ', 'DK', 'DM', 'DO', 'DZ', 'EC', 'EE', 'EG', 'ES', 'FI', 'FJ', 'FM', 'FR', 'GA', 'GB', 'GD', 'GE', 'GH', 'GM', 'GN', 'GQ', 'GR', 'GT', 'GW', 'GY', 'HK', 'HN', 'HR', 'HT', 'HU', 'ID', 'IE', 'IL', 'IN', 'IQ', 'IS', 'IT', 'JM', 'JO', 'JP', 'KE', 'KG', 'KH', 'KI', 'KM', 'KN', 'KR', 'KW', 'KZ', 'LA', 'LB', 'LC', 'LI', 'LK', 'LR', 'LS', 'LT', 'LU', 'LV', 'LY', 'MA', 'MC', 'MD', 'ME', 'MG', 'MH', 'MK', 'ML', 'MN', 'MO', 'MR', 'MT', 'MU', 'MV', 'MW', 'MX', 'MY', 'MZ', 'NA', 'NE', 'NG', 'NI', 'NL', 'NO', 'NP', 'NR', 'NZ', 'OM', 'PA', 'PE', 'PG', 'PH', 'PK', 'PL', 'PS', 'PT', 'PW', 'PY', 'QA', 'RO', 'RS', 'RW', 'SA', 'SB', 'SC', 'SE', 'SG', 'SI', 'SK', 'SL', 'SM', 'SN', 'SR', 'ST', 'SV', 'SZ', 'TD', 'TG', 'TH', 'TJ', 'TL', 'TN', 'TO', 'TR', 'TT', 'TV', 'TW', 'TZ', 'UA', 'UG', 'US', 'UY', 'UZ', 'VC', 'VE', 'VN', 'VU', 'WS', 'XK', 'ZA', 'ZM', 'ZW']",183
spotify:artist:25uiPmTg16RbhZWAqwLBy5,spotify:album:386IqvSuljaZsMjwDGGdLj,Charli,{'spotify': 'https://open.spotify.com/album/386IqvSuljaZsMjwDGGdLj'},https://open.spotify.com/album/386IqvSuljaZsMjwDGGdLj,2019-09-13,15,"['AD', 'AE', 'AG', 'AL', 'AM', 'AO', 'AR', 'AT', 'AU', 'AZ', 'BA', 'BB', 'BD', 'BE', 'BF', 'BG', 'BH', 'BI', 'BJ', 'BN', 'BO', 'BR', 'BS', 'BT', 'BW', 'BY', 'BZ', 'CA', 'CD', 'CG', 'CH', 'CI', 'CL', 'CM', 'CO', 'CR', 'CV', 'CW', 'CY', 'CZ', 'DE', 'DJ', 'DK', 'DM', 'DO', 'DZ', 'EC', 'EE', 'EG', 'ES', 'FI', 'FJ', 'FM', 'FR', 'GA', 'GB', 'GD', 'GE', 'GH', 'GM', 'GN', 'GQ', 'GR', 'GT', 'GW', 'GY', 'HK', 'HN', 'HR', 'HT', 'HU', 'ID', 'IE', 'IL', 'IN', 'IQ', 'IS', 'IT', 'JM', 'JO', 'JP', 'KE', 'KG', 'KH', 'KI', 'KM', 'KN', 'KR', 'KW', 'KZ', 'LA', 'LB', 'LC', 'LI', 'LK', 'LR', 'LS', 'LT', 'LU', 'LV', 'LY', 'MA', 'MC', 'MD', 'ME', 'MG', 'MH', 'MK', 'ML', 'MN', 'MO', 'MR', 'MT', 'MU', 'MV', 'MW', 'MX', 'MY', 'MZ', 'NA', 'NE', 'NG', 'NI', 'NL', 'NO', 'NP', 'NR', 'NZ', 'OM', 'PA', 'PE', 'PG', 'PH', 'PK', 'PL', 'PS', 'PT', 'PW', 'PY', 'QA', 'RO', 'RS', 'RW', 'SA', 'SB', 'SC', 'SE', 'SG', 'SI', 'SK', 'SL', 'SM', 'SN', 'SR', 'ST', 'SV', 'SZ', 'TD', 'TG', 'TH', 'TJ', 'TL', 'TN', 'TO', 'TR', 'TT', 'TV', 'TW', 'TZ', 'UA', 'UG', 'US', 'UY', 'UZ', 'VC', 'VE', 'VN', 'VU', 'WS', 'XK', 'ZA', 'ZM', 'ZW']",183
spotify:artist:25uiPmTg16RbhZWAqwLBy5,spotify:album:2HIwUmdxEl7SeWa1ndH5wC,Pop 2,{'spotify': 'https://open.spotify.com/album/2HIwUmdxEl7SeWa1ndH5wC'},https://open.spotify.com/album/2HIwUmdxEl7SeWa1ndH5wC,2017-12-15,10,"['AD', 'AE', 'AG', 'AL', 'AM', 'AO', 'AR', 'AT', 'AU', 'AZ', 'BA', 'BB', 'BD', 'BE', 'BF', 'BG', 'BH', 'BI', 'BJ', 'BN', 'BO', 'BR', 'BS', 'BT', 'BW', 'BY', 'BZ', 'CA', 'CD', 'CG', 'CH', 'CI', 'CL', 'CM', 'CO', 'CR', 'CV', 'CW', 'CY', 'CZ', 'DE', 'DJ', 'DK', 'DM', 'DO', 'DZ', 'EC', 'EE', 'EG', 'ES', 'FI', 'FJ', 'FM', 'FR', 'GA', 'GB', 'GD', 'GE', 'GH', 'GM', 'GN', 'GQ', 'GR', 'GT', 'GW', 'GY', 'HK', 'HN', 'HR', 'HT', 'HU', 'ID', 'IE', 'IL', 'IN', 'IQ', 'IS', 'IT', 'JM', 'JO', 'JP', 'KE', 'KG', 'KH', 'KI', 'KM', 'KN', 'KR', 'KW', 'KZ', 'LA', 'LB', 'LC', 'LI', 'LK', 'LR', 'LS', 'LT', 'LU', 'LV', 'LY', 'MA', 'MC', 'MD', 'ME', 'MG', 'MH', 'MK', 'ML', 'MN', 'MO', 'MR', 'MT', 'MU', 'MV', 'MW', 'MX', 'MY', 'MZ', 'NA', 'NE', 'NG', 'NI', 'NL', 'NO', 'NP', 'NR', 'NZ', 'OM', 'PA', 'PE', 'PG', 'PH', 'PK', 'PL', 'PS', 'PT', 'PW', 'PY', 'QA', 'RO', 'RS', 'RW', 'SA', 'SB', 'SC', 'SE', 'SG', 'SI', 'SK', 'SL', 'SM', 'SN', 'SR', 'ST', 'SV', 'SZ', 'TD', 'TG', 'TH', 'TJ', 'TL', 'TN', 'TO', 'TR', 'TT', 'TV', 'TW', 'TZ', 'UA', 'UG', 'US', 'UY', 'UZ', 'VC', 'VE', 'VN', 'VU', 'WS', 'XK', 'ZA', 'ZM', 'ZW']",183
spotify:artist:25uiPmTg16RbhZWAqwLBy5,spotify:album:7Mu8tuC4yPZAcU5EL9d15k,Pop 2,{'spotify': 'https://open.spotify.com/album/7Mu8tuC4yPZAcU5EL9d15k'},https://open.spotify.com/album/7Mu8tuC4yPZAcU5EL9d15k,2017-12-15,10,"['AE', 'BF', 'BH', 'BN', 'BY', 'CA', 'EG', 'IN', 'JO', 'KR', 'LB', 'NP', 'OM', 'QA', 'SA', 'TN', 'UZ']",17
spotify:artist:25uiPmTg16RbhZWAqwLBy5,spotify:album:7eb2Fobz1XLu2wmvfIqvBP,Number 1 Angel,{'spotify': 'https://open.spotify.com/album/7eb2Fobz1XLu2wmvfIqvBP'},https://open.spotify.com/album/7eb2Fobz1XLu2wmvfIqvBP,2017-03-13,10,"['AE', 'BF', 'BH', 'BN', 'BY', 'EG', 'IN', 'JO', 'LB', 'NP', 'OM', 'PS', 'QA', 'SA', 'TN', 'UZ']",16
spotify:artist:25uiPmTg16RbhZWAqwLBy5,spotify:album:37rI2gAtakAmSFtbIE9THq,Number 1 Angel,{'spotify': 'https://open.spotify.com/album/37rI2gAtakAmSFtbIE9THq'},https://open.spotify.com/album/37rI2gAtakAmSFtbIE9THq,2017-03-10,10,"['AD', 'AG', 'AL', 'AM', 'AO', 'AR', 'AT', 'AU', 'AZ', 'BA', 'BB', 'BD', 'BE', 'BG', 'BI', 'BJ', 'BO', 'BR', 'BS', 'BT', 'BW', 'BZ', 'CA', 'CD', 'CG', 'CH', 'CI', 'CL', 'CM', 'CO', 'CR', 'CV', 'CW', 'CY', 'CZ', 'DE', 'DJ', 'DK', 'DM', 'DO', 'DZ', 'EC', 'EE', 'ES', 'FI', 'FJ', 'FM', 'FR', 'GA', 'GB', 'GD', 'GE', 'GH', 'GM', 'GN', 'GQ', 'GR', 'GT', 'GW', 'GY', 'HK', 'HN', 'HR', 'HT', 'HU', 'ID', 'IE', 'IL', 'IN', 'IQ', 'IS', 'IT', 'JM', 'JP', 'KE', 'KG', 'KH', 'KI', 'KM', 'KN', 'KR', 'KW', 'KZ', 'LA', 'LC', 'LI', 'LK', 'LR', 'LS', 'LT', 'LU', 'LV', 'LY', 'MA', 'MC', 'MD', 'ME', 'MG', 'MH', 'MK', 'ML', 'MN', 'MO', 'MR', 'MT', 'MU', 'MV', 'MW', 'MX', 'MY', 'MZ', 'NA', 'NE', 'NG', 'NI', 'NL', 'NO', 'NR', 'NZ', 'PA', 'PE', 'PG', 'PH', 'PK', 'PL', 'PS', 'PT', 'PW', 'PY', 'RO', 'RS', 'RW', 'SB', 'SC', 'SE', 'SG', 'SI', 'SK', 'SL', 'SM', 'SN', 'SR', 'ST', 'SV', 'SZ', 'TD', 'TG', 'TH', 'TJ', 'TL', 'TO', 'TR', 'TT', 'TV', 'TW', 'TZ', 'UA', 'UG', 'US', 'UY', 'VC', 'VE', 'VN', 'VU', 'WS', 'XK', 'ZA', 'ZM', 'ZW']",169
spotify:artist:25uiPmTg16RbhZWAqwLBy5,spotify:album:4RnhUe5mNoBPq1V15uexsM,SUCKER,{'spotify': 'https://open.spotify.com/album/4RnhUe5mNoBPq1V15uexsM'},https://open.spotify.com/album/4RnhUe5mNoBPq1V15uexsM,2015-02-18,17,['JP'],1
spotify:artist:25uiPmTg16RbhZWAqwLBy5,spotify:album:2fGpw56D35My0c82eNfKJF,SUCKER,{'spotify': 'https://open.spotify.com/album/2fGpw56D35My0c82eNfKJF'},https://open.spotify.com/album/2fGpw56D35My0c82eNfKJF,2015-02-09,15,"['AE', 'AG', 'AL', 'AT', 'AU', 'BA', 'BB', 'BE', 'BG', 'BH', 'BN', 'BR', 'BS', 'BW', 'BZ', 'CH', 'CO', 'CR', 'CV', 'CW', 'CY', 'CZ', 'DE', 'DK', 'DM', 'EE', 'EG', 'ES', 'FI', 'FJ', 'FM', 'FR', 'GB', 'GD', 'GH', 'GM', 'GR', 'GT', 'GW', 'HK', 'HN', 'HR', 'HU', 'ID', 'IE', 'IL', 'IQ', 'IT', 'JO', 'KE', 'KH', 'KN', 'KR', 'KW', 'LA', 'LB', 'LI', 'LK', 'LT', 'LU', 'LV', 'ME', 'MK', 'MN', 'MO', 'MT', 'MU', 'MX', 'MY', 'MZ', 'NA', 'NE', 'NG', 'NI', 'NL', 'NO', 'NZ', 'OM', 'PA', 'PG', 'PH', 'PL', 'PS', 'PT', 'QA', 'RO', 'RS', 'SA', 'SE', 'SG', 'SI', 'SK', 'SV', 'SZ', 'TD', 'TH', 'TL', 'TR', 'TT', 'TW', 'UG', 'VN', 'XK', 'ZA', 'ZW']",105
spotify:artist:25uiPmTg16RbhZWAqwLBy5,spotify:album:5Ws5ktkIUJFpaIImvH3tYU,SUCKER,{'spotify': 'https://open.spotify.com/album/5Ws5ktkIUJFpaIImvH3tYU'},https://open.spotify.com/album/5Ws5ktkIUJFpaIImvH3tYU,2014-12-15,15,"['CA', 'US']",2
spotify:artist:25uiPmTg16RbhZWAqwLBy5,spotify:album:4UWPrrDdzEsdMUDzYM8FC6,SUCKER,{'spotify': 'https://open.spotify.com/album/4UWPrrDdzEsdMUDzYM8FC6'},https://open.spotify.com/album/4UWPrrDdzEsdMUDzYM8FC6,2014-12-15,13,"['AR', 'AU', 'BO', 'CL', 'DO', 'EC', 'JP', 'PE', 'PY', 'UY', 'VE']",11
spotify:artist:25uiPmTg16RbhZWAqwLBy5,spotify:album:62qlgaMyt18VgBtRCM29hd,SUCKER,{'spotify': 'https://open.spotify.com/album/62qlgaMyt18VgBtRCM29hd'},https://open.spotify.com/album/62qlgaMyt18VgBtRCM29hd,2014-12-15,15,"['AD', 'AE', 'AG', 'AL', 'AM', 'AO', 'AR', 'AT', 'AU', 'AZ', 'BA', 'BB', 'BD', 'BE', 'BF', 'BG', 'BH', 'BI', 'BJ', 'BN', 'BO', 'BR', 'BS', 'BT', 'BW', 'BY', 'BZ', 'CA', 'CD', 'CG', 'CH', 'CI', 'CL', 'CM', 'CO', 'CR', 'CV', 'CW', 'CY', 'CZ', 'DE', 'DJ', 'DK', 'DM', 'DO', 'DZ', 'EC', 'EE', 'EG', 'ES', 'FI', 'FJ', 'FM', 'FR', 'GA', 'GB', 'GD', 'GE', 'GH', 'GM', 'GN', 'GQ', 'GR', 'GT', 'GW', 'GY', 'HK', 'HN', 'HR', 'HT', 'HU', 'ID', 'IE', 'IL', 'IN', 'IQ', 'IS', 'IT', 'JM', 'JO', 'JP', 'KE', 'KG', 'KH', 'KI', 'KM', 'KN', 'KR', 'KW', 'KZ', 'LA', 'LB', 'LC', 'LI', 'LK', 'LR', 'LS', 'LT', 'LU', 'LV', 'LY', 'MA', 'MC', 'MD', 'ME', 'MG', 'MH', 'MK', 'ML', 'MN', 'MO', 'MR', 'MT', 'MU', 'MV', 'MW', 'MX', 'MY', 'MZ', 'NA', 'NE', 'NG', 'NI', 'NL', 'NO', 'NP', 'NR', 'NZ', 'OM', 'PA', 'PE', 'PG', 'PH', 'PK', 'PL', 'PS', 'PT', 'PW', 'PY', 'QA', 'RO', 'RS', 'RW', 'SA', 'SB', 'SC', 'SE', 'SG', 'SI', 'SK', 'SL', 'SM', 'SN', 'SR', 'ST', 'SV', 'SZ', 'TD', 'TG', 'TH', 'TJ', 'TL', 'TN', 'TO', 'TR', 'TT', 'TV', 'TW', 'TZ', 'UA', 'UG', 'US', 'UY', 'UZ', 'VC', 'VE', 'VN', 'VU', 'WS', 'XK', 'ZA', 'ZM', 'ZW']",183
spotify:artist:25uiPmTg16RbhZWAqwLBy5,spotify:album:0DgLboDoKVcueitwtpQxe2,SUCKER,{'spotify': 'https://open.spotify.com/album/0DgLboDoKVcueitwtpQxe2'},https://open.spotify.com/album/0DgLboDoKVcueitwtpQxe2,2014-10-21,15,['GB'],1
spotify:artist:25uiPmTg16RbhZWAqwLBy5,spotify:album:4NUyHY8HwmpjGDdYGpiBtu,True Romance,{'spotify': 'https://open.spotify.com/album/4NUyHY8HwmpjGDdYGpiBtu'},https://open.spotify.com/album/4NUyHY8HwmpjGDdYGpiBtu,2013-04-12,13,"['CA', 'US']",2
spotify:artist:25uiPmTg16RbhZWAqwLBy5,spotify:album:5t7Bn5XfE7yj2rqydVq0Ue,True Romance,{'spotify': 'https://open.spotify.com/album/5t7Bn5XfE7yj2rqydVq0Ue'},https://open.spotify.com/album/5t7Bn5XfE7yj2rqydVq0Ue,2013-04-12,13,"['AD', 'AE', 'AG', 'AL', 'AM', 'AO', 'AR', 'AT', 'AU', 'AZ', 'BA', 'BB', 'BD', 'BE', 'BF', 'BG', 'BH', 'BI', 'BJ', 'BN', 'BO', 'BR', 'BS', 'BW', 'BZ', 'CD', 'CG', 'CH', 'CI', 'CL', 'CM', 'CO', 'CR', 'CV', 'CW', 'CY', 'CZ', 'DE', 'DJ', 'DK', 'DM', 'DO', 'DZ', 'EC', 'EE', 'EG', 'ES', 'FI', 'FJ', 'FM', 'FR', 'GA', 'GB', 'GD', 'GH', 'GM', 'GN', 'GQ', 'GR', 'GT', 'GW', 'HK', 'HN', 'HR', 'HT', 'HU', 'ID', 'IE', 'IL', 'IN', 'IQ', 'IS', 'IT', 'JM', 'JO', 'JP', 'KE', 'KG', 'KH', 'KM', 'KN', 'KR', 'KW', 'KZ', 'LA', 'LB', 'LC', 'LI', 'LK', 'LR', 'LS', 'LT', 'LU', 'LV', 'LY', 'MA', 'MC', 'MD', 'ME', 'MG', 'MK', 'ML', 'MN', 'MO', 'MR', 'MT', 'MU', 'MW', 'MX', 'MY', 'MZ', 'NA', 'NE', 'NG', 'NI', 'NL', 'NO', 'NZ', 'OM', 'PA', 'PE', 'PG', 'PH', 'PK', 'PL', 'PS', 'PT', 'PY', 'QA', 'RO', 'RS', 'RW', 'SA', 'SC', 'SE', 'SG', 'SI', 'SK', 'SL', 'SM', 'SN', 'ST', 'SV', 'SZ', 'TD', 'TG', 'TH', 'TJ', 'TL', 'TN', 'TR', 'TT', 'TW', 'TZ', 'UA', 'UG', 'UY', 'VC', 'VE', 'VN', 'XK', 'ZA', 'ZM', 'ZW']",164
spotify:artist:25uiPmTg16RbhZWAqwLBy5,spotify:album:63az8CIMtCPKUSJxoaIiMk,True Romance (Deluxe),{'spotify': 'https://open.spotify.com/album/63az8CIMtCPKUSJxoaIiMk'},https://open.spotify.com/album/63az8CIMtCPKUSJxoaIiMk,2013-04-12,25,"['AD', 'AE', 'AG', 'AL', 'AM', 'AO', 'AR', 'AZ', 'BA', 'BB', 'BD', 'BE', 'BF', 'BG', 'BH', 'BI', 'BJ', 'BN', 'BO', 'BR', 'BS', 'BW', 'BY', 'BZ', 'CD', 'CG', 'CI', 'CL', 'CM', 'CO', 'CR', 'CV', 'CW', 'CY', 'CZ', 'DJ', 'DK', 'DM', 'DO', 'DZ', 'EC', 'EE', 'EG', 'ES', 'FI', 'FJ', 'FM', 'FR', 'GA', 'GB', 'GD', 'GH', 'GM', 'GN', 'GQ', 'GR', 'GT', 'GW', 'HK', 'HN', 'HR', 'HT', 'HU', 'ID', 'IE', 'IL', 'IN', 'IQ', 'IS', 'IT', 'JM', 'JO', 'JP', 'KE', 'KG', 'KH', 'KM', 'KN', 'KR', 'KW', 'KZ', 'LA', 'LB', 'LC', 'LK', 'LR', 'LS', 'LT', 'LU', 'LV', 'LY', 'MA', 'MC', 'MD', 'ME', 'MG', 'MK', 'ML', 'MN', 'MO', 'MR', 'MT', 'MU', 'MW', 'MX', 'MY', 'MZ', 'NA', 'NE', 'NG', 'NI', 'NL', 'NO', 'NP', 'NZ', 'OM', 'PA', 'PE', 'PG', 'PH', 'PK', 'PL', 'PS', 'PT', 'PY', 'QA', 'RO', 'RS', 'RW', 'SA', 'SC', 'SE', 'SG', 'SI', 'SK', 'SL', 'SM', 'SN', 'ST', 'SV', 'SZ', 'TD', 'TG', 'TH', 'TJ', 'TL', 'TN', 'TR', 'TT', 'TW', 'TZ', 'UA', 'UG', 'UY', 'UZ', 'VC', 'VE', 'VN', 'XK', 'ZA', 'ZM', 'ZW']",162
